date,used_gb
2026-06-30,1171.436408
2026-07-01,1178.043696
2026-07-02,1185.03736
2026-07-03,1192.344161
2026-07-04,1197.840625
2026-07-05,1203.595113
2026-07-06,1209.128806
2026-07-07,1214.921816
2026-07-08,1220.755891
2026-07-09,1226.763462
2026-07-10,1232.867525
2026-07-11,1239.435586
2026-07-12,1247.073007
2026-07-13,1252.934889
2026-07-14,1259.283081
2026-07-15,1265.890024
2026-07-16,1273.50479
2026-07-17,1279.815718
2026-07-18,1286.218647
2026-07-19,1292.427971
2026-07-20,1298.483401
2026-07-21,1304.669567
2026-07-22,1311.633001
2026-07-23,1318.526065
2026-07-24,1324.872161
2026-07-25,1331.275429
2026-07-26,1337.674372
2026-07-27,1344.21375
2026-07-28,1350.631981
2026-07-29,1357.580599
2026-07-30,1364.057706
2026-07-31,1370.814547
2026-08-01,1377.16541
2026-08-02,1384.665671
2026-08-03,1391.739709
2026-08-04,1399.206045
2026-08-05,1405.896785
2026-08-06,1412.768823
2026-08-07,1421.304851
2026-08-08,1428.508769
2026-08-09,1435.795543
2026-08-10,1442.287663
2026-08-11,1450.827014
2026-08-12,1459.278813
2026-08-13,1466.223767
2026-08-14,1473.529077
2026-08-15,1480.307467
2026-08-16,1486.803155
2026-08-17,1493.966211
2026-08-18,1500.505875
2026-08-19,1508.330305
2026-08-20,1515.133391
2026-08-21,1521.683837
2026-08-22,1528.162852
2026-08-23,1535.032222
2026-08-24,1541.533349
2026-08-25,1548.674162
2026-08-26,1556.281702
2026-08-27,1562.441518
2026-08-28,1568.768369
2026-08-29,1575.063672
2026-08-30,1582.438431
2026-08-31,1588.675999
2026-09-01,1595.195675
2026-09-02,1602.010814
2026-09-03,1608.444214
2026-09-04,1614.45082
2026-09-05,1620.54749
2026-09-06,1626.283539
2026-09-07,1632.951611
2026-09-08,1639.677627
2026-09-09,1645.935699
2026-09-10,1651.693131
2026-09-11,1657.457665
2026-09-12,1663.211329
2026-09-13,1669.683603
2026-09-14,1676.092659
2026-09-15,1681.718444
2026-09-16,1687.281877
2026-09-17,1693.107889
2026-09-18,1698.881495
2026-09-19,1706.331276
2026-09-20,1711.909134
2026-09-21,1717.757841
2026-09-22,1723.61729
2026-09-23,1729.158612
2026-09-24,1735.027278
2026-09-25,1740.822232
2026-09-26,1746.755129
2026-09-27,1752.82459
