date,predicted_gb,capacity_gb,hit_date,deadline,model
2026-06-30,943.7532146294052,1200,2026-09-24,2026-08-18,linear
2026-07-01,946.7348222588105,1200,2026-09-24,2026-08-18,linear
2026-07-02,949.7164298882157,1200,2026-09-24,2026-08-18,linear
2026-07-03,952.698037517621,1200,2026-09-24,2026-08-18,linear
2026-07-04,955.6796451470261,1200,2026-09-24,2026-08-18,linear
2026-07-05,958.6612527764314,1200,2026-09-24,2026-08-18,linear
2026-07-06,961.6428604058366,1200,2026-09-24,2026-08-18,linear
2026-07-07,964.6244680352419,1200,2026-09-24,2026-08-18,linear
2026-07-08,967.606075664647,1200,2026-09-24,2026-08-18,linear
2026-07-09,970.5876832940523,1200,2026-09-24,2026-08-18,linear
2026-07-10,973.5692909234575,1200,2026-09-24,2026-08-18,linear
2026-07-11,976.5508985528628,1200,2026-09-24,2026-08-18,linear
2026-07-12,979.532506182268,1200,2026-09-24,2026-08-18,linear
2026-07-13,982.5141138116733,1200,2026-09-24,2026-08-18,linear
2026-07-14,985.4957214410784,1200,2026-09-24,2026-08-18,linear
2026-07-15,988.4773290704836,1200,2026-09-24,2026-08-18,linear
2026-07-16,991.4589366998889,1200,2026-09-24,2026-08-18,linear
2026-07-17,994.4405443292941,1200,2026-09-24,2026-08-18,linear
2026-07-18,997.4221519586994,1200,2026-09-24,2026-08-18,linear
2026-07-19,1000.4037595881045,1200,2026-09-24,2026-08-18,linear
2026-07-20,1003.3853672175098,1200,2026-09-24,2026-08-18,linear
2026-07-21,1006.366974846915,1200,2026-09-24,2026-08-18,linear
2026-07-22,1009.3485824763203,1200,2026-09-24,2026-08-18,linear
2026-07-23,1012.3301901057255,1200,2026-09-24,2026-08-18,linear
2026-07-24,1015.3117977351308,1200,2026-09-24,2026-08-18,linear
2026-07-25,1018.2934053645359,1200,2026-09-24,2026-08-18,linear
2026-07-26,1021.2750129939412,1200,2026-09-24,2026-08-18,linear
2026-07-27,1024.2566206233464,1200,2026-09-24,2026-08-18,linear
2026-07-28,1027.2382282527517,1200,2026-09-24,2026-08-18,linear
2026-07-29,1030.219835882157,1200,2026-09-24,2026-08-18,linear
2026-07-30,1033.201443511562,1200,2026-09-24,2026-08-18,linear
2026-07-31,1036.1830511409673,1200,2026-09-24,2026-08-18,linear
2026-08-01,1039.1646587703726,1200,2026-09-24,2026-08-18,linear
2026-08-02,1042.1462663997777,1200,2026-09-24,2026-08-18,linear
2026-08-03,1045.127874029183,1200,2026-09-24,2026-08-18,linear
2026-08-04,1048.1094816585883,1200,2026-09-24,2026-08-18,linear
2026-08-05,1051.0910892879936,1200,2026-09-24,2026-08-18,linear
2026-08-06,1054.0726969173986,1200,2026-09-24,2026-08-18,linear
2026-08-07,1057.054304546804,1200,2026-09-24,2026-08-18,linear
2026-08-08,1060.0359121762092,1200,2026-09-24,2026-08-18,linear
2026-08-09,1063.0175198056145,1200,2026-09-24,2026-08-18,linear
2026-08-10,1065.9991274350195,1200,2026-09-24,2026-08-18,linear
2026-08-11,1068.9807350644248,1200,2026-09-24,2026-08-18,linear
2026-08-12,1071.9623426938301,1200,2026-09-24,2026-08-18,linear
2026-08-13,1074.9439503232352,1200,2026-09-24,2026-08-18,linear
2026-08-14,1077.9255579526405,1200,2026-09-24,2026-08-18,linear
2026-08-15,1080.9071655820458,1200,2026-09-24,2026-08-18,linear
2026-08-16,1083.888773211451,1200,2026-09-24,2026-08-18,linear
2026-08-17,1086.8703808408563,1200,2026-09-24,2026-08-18,linear
2026-08-18,1089.8519884702614,1200,2026-09-24,2026-08-18,linear
2026-08-19,1092.8335960996667,1200,2026-09-24,2026-08-18,linear
2026-08-20,1095.815203729072,1200,2026-09-24,2026-08-18,linear
2026-08-21,1098.796811358477,1200,2026-09-24,2026-08-18,linear
2026-08-22,1101.7784189878823,1200,2026-09-24,2026-08-18,linear
2026-08-23,1104.7600266172876,1200,2026-09-24,2026-08-18,linear
2026-08-24,1107.741634246693,1200,2026-09-24,2026-08-18,linear
2026-08-25,1110.723241876098,1200,2026-09-24,2026-08-18,linear
2026-08-26,1113.7048495055033,1200,2026-09-24,2026-08-18,linear
2026-08-27,1116.6864571349086,1200,2026-09-24,2026-08-18,linear
2026-08-28,1119.6680647643138,1200,2026-09-24,2026-08-18,linear
2026-08-29,1122.649672393719,1200,2026-09-24,2026-08-18,linear
2026-08-30,1125.6312800231242,1200,2026-09-24,2026-08-18,linear
2026-08-31,1128.6128876525295,1200,2026-09-24,2026-08-18,linear
2026-09-01,1131.5944952819345,1200,2026-09-24,2026-08-18,linear
2026-09-02,1134.5761029113398,1200,2026-09-24,2026-08-18,linear
2026-09-03,1137.5577105407451,1200,2026-09-24,2026-08-18,linear
2026-09-04,1140.5393181701504,1200,2026-09-24,2026-08-18,linear
2026-09-05,1143.5209257995557,1200,2026-09-24,2026-08-18,linear
2026-09-06,1146.5025334289608,1200,2026-09-24,2026-08-18,linear
2026-09-07,1149.484141058366,1200,2026-09-24,2026-08-18,linear
2026-09-08,1152.4657486877713,1200,2026-09-24,2026-08-18,linear
2026-09-09,1155.4473563171764,1200,2026-09-24,2026-08-18,linear
2026-09-10,1158.4289639465817,1200,2026-09-24,2026-08-18,linear
2026-09-11,1161.410571575987,1200,2026-09-24,2026-08-18,linear
2026-09-12,1164.3921792053923,1200,2026-09-24,2026-08-18,linear
2026-09-13,1167.3737868347973,1200,2026-09-24,2026-08-18,linear
2026-09-14,1170.3553944642026,1200,2026-09-24,2026-08-18,linear
2026-09-15,1173.337002093608,1200,2026-09-24,2026-08-18,linear
2026-09-16,1176.3186097230132,1200,2026-09-24,2026-08-18,linear
2026-09-17,1179.3002173524183,1200,2026-09-24,2026-08-18,linear
2026-09-18,1182.2818249818235,1200,2026-09-24,2026-08-18,linear
2026-09-19,1185.2634326112288,1200,2026-09-24,2026-08-18,linear
2026-09-20,1188.245040240634,1200,2026-09-24,2026-08-18,linear
2026-09-21,1191.2266478700392,1200,2026-09-24,2026-08-18,linear
2026-09-22,1194.2082554994445,1200,2026-09-24,2026-08-18,linear
2026-09-23,1197.1898631288498,1200,2026-09-24,2026-08-18,linear
2026-09-24,1200.171470758255,1200,2026-09-24,2026-08-18,linear
2026-09-25,1203.1530783876601,1200,2026-09-24,2026-08-18,linear
2026-09-26,1206.1346860170654,1200,2026-09-24,2026-08-18,linear
2026-09-27,1209.1162936464707,1200,2026-09-24,2026-08-18,linear